PRDLST_NM,BSSH_NM,PRMS_DT,PRDLST_REPORT_NO,LCNS_NO
영양칼슘비타민,고려인삼과학주식회사,2004-03-02,200400150395,20040015039
해조칼슘비타민,고려인삼과학주식회사,2004-03-02,200400150396,20040015039
지근억비피더스,(주)비피도,2004-03-24,200400150703,20040015070
지근억비피더스베이비,(주)비피도,2004-03-24,200400150704,20040015070
고려홍삼분말캡슐,(주)일화,2004-04-13,2004001510027,20040015100
고려홍삼정(錠),(주)일화,2004-04-13,2004001510030,20040015100
인삼정골드캡슐,(주)일화,2004-04-13,2004001510021,20040015100
일화고려인삼농축액,(주)일화,2004-04-13,2004001510015,20040015100
일화고려인삼농축액분말,(주)일화,2004-04-13,2004001510016,20040015100
일화고려인삼분말,(주)일화,2004-04-13,2004001510017,20040015100
일화고려인삼분말캡슐,(주)일화,2004-04-13,2004001510019,20040015100
일화고려인삼정(錠),(주)일화,2004-04-13,2004001510025,20040015100
일화고려인삼차,(주)일화,2004-04-13,2004001510023,20040015100
일화고려홍삼농축액,(주)일화,2004-04-13,2004001510026,20040015100
일화고려홍삼분말,(주)일화,2004-04-13,2004001510028,20040015100
일화고려홍삼차,(주)일화,2004-04-13,2004001510029,20040015100
일화인삼차,(주)일화,2004-04-13,2004001510022,20040015100
조인트코어,주식회사 네추럴웨이,2004-04-13,200400151042,20040015104
맛있는 칼슘,(주)유유헬스케어,2004-04-20,200400151074,20040015107
비피더스균 롱검 보리,(주)비피도,2004-05-01,200400150709,20040015070
비피더스균 비피덤 비지엔4,(주)비피도,2004-05-01,200400150708,20040015070
홍삼분말,강원인삼농협,2004-07-08,2004001518911,20040015189
홍삼차,강원인삼농협,2004-07-08,200400151897,20040015189
고려홍삼성분액골드,고려인삼과학주식회사,2004-08-02,2004001503924,20040015039
일화고려홍삼성분캡슐골드,(주)일화,2004-08-02,2004001510033,20040015100
에이드칼슘,(주)허브큐어,2004-08-03,2004001516210,20040015162
이엔지키토산,(주)허브큐어,2004-08-03,200400151628,20040015162
정스피루리나,(주)허브큐어,2004-08-03,200400151627,20040015162
단백질보충용파워시그마80,(주)파시코,2004-08-09,200400152012,20040015201
고려홍삼정프리미엄,고려인삼과학주식회사,2004-08-19,2004001503927,20040015039
황제의기,고려인삼과학주식회사,2004-08-19,2004001503928,20040015039
티세이칼슘,주식회사 네추럴웨이,2004-08-27,200400151048,20040015104
고려홍삼정환골드,(주)일화,2004-09-13,2004001510035,20040015100
단백질보충용파워소이테인,(주)파시코,2004-09-14,2004001520117,20040015201
단백질보충용파워에그테인,(주)파시코,2004-09-14,2004001520118,20040015201
단백질보충용파워프로틴2000,(주)파시코,2004-09-14,2004001520114,20040015201
유청칼슘,(주)유유헬스케어,2004-10-07,2004001510722,20040015107
조인트파워플러스,주식회사 네추럴웨이,2004-10-18,2004001510410,20040015104
진생사이언스인삼농축액분말,(주)진생사이언스,2004-11-15,200400152922,20040015292
로우펫식이섬유플러스,고려인삼과학주식회사,2004-12-03,2004001503932,20040015039
선인삼성분골드,(주)진생사이언스,2005-01-10,200400152926,20040015292
선인삼성분클래식,(주)진생사이언스,2005-01-10,200400152925,20040015292
고려태극삼농축액,(주)화인내츄럴,2005-01-17,2004001509423,20040015094
고려태극삼분말,(주)화인내츄럴,2005-01-17,2004001509422,20040015094
웰러스 뼈로가는 유청칼슘,(주)유유헬스케어,2005-01-19,2004001510746,20040015107
올데이 난황레시틴플러스,(주)고센바이오텍,2005-01-28,2004001505543,20040015055
스피루리나,주식회사 네추럴웨이,2005-02-21,2004001510415,20040015104
카트맥스 칼슘,주식회사 네추럴웨이,2005-02-21,2004001510414,20040015104
고려인삼차골드,고려인삼과학주식회사,2005-02-23,2004001503940,20040015039
고려홍삼차골드,고려인삼과학주식회사,2005-02-23,2004001503939,20040015039
한미글루코사민100,주식회사한미양행,2005-04-04,2004001508330,20040015083
글루코사민100,고려인삼과학주식회사,2005-04-14,2004001503943,20040015039
인삼농축액골드,(주)화인내츄럴,2005-04-21,2004001509429,20040015094
인삼분말골드,(주)화인내츄럴,2005-04-21,2004001509430,20040015094
홍삼농축액,(주)화인내츄럴,2005-04-21,2004001509433,20040015094
원큐(식이섬유),(주)팜텍코리아,2005-06-02,2004001519110,20040015191
칼슘골드,주식회사한미양행,2005-06-02,2004001508355,20040015083
글루코사민100,(주)유유헬스케어,2005-09-06,2004001510782,20040015107
솔빛M,주식회사한미양행,2005-09-06,2004001508383,20040015083
고려홍삼사포닌골드,고려인삼과학주식회사,2005-09-16,2004001503948,20040015039
천지양뿌리깊은홍삼정마일드,고려인삼과학주식회사,2005-09-16,2004001503949,20040015039
고삼력홍삼캡슐32-오리지널,고려인삼과학주식회사,2005-10-20,2004001503953,20040015039
고삼력홍삼캡슐골드32,고려인삼과학주식회사,2005-10-20,2004001503952,20040015039
고려인삼분말캡슐,고려인삼과학주식회사,2005-12-02,2004001503957,20040015039
밝은사랑비타민A,고려인삼과학주식회사,2005-12-02,2004001503956,20040015039
철맥,주식회사한미양행,2005-12-13,20040015083103,20040015083
고려홍삼분말캡슐,고려인삼과학주식회사,2006-02-28,2004001503959,20040015039
고려인삼분말,고려인삼과학주식회사,2006-03-24,2004001503961,20040015039
홍삼분말골드,포천인삼영농조합법인,2006-05-29,200600151445,20060015144
홍삼차골드,포천인삼영농조합법인,2006-05-29,200600151446,20060015144
고려홍삼분말,고려인삼과학주식회사,2006-06-07,2004001503967,20040015039
홍삼농축액캅셀골드,포천인삼영농조합법인,2006-07-13,200600151449,20060015144
홍삼정환골드,포천인삼영농조합법인,2006-07-13,2006001514410,20060015144
칼슘골드 오리지널,(주)유유헬스케어,2006-09-20,20040015107135,20040015107
오메가-3 EPA DHA 함유제품,(주)유유헬스케어,2006-11-07,20040015107147,20040015107
웰칼슘,(재)춘천바이오산업진흥원,2007-01-09,200500153683,20050015368
"해포린골드비타민(HEPOLIN GOLD VITAMIN, 전량수출용)",고려인삼과학주식회사,2007-01-22,2004001503973,20040015039
고려천인삼차,(주)화인내츄럴,2007-01-29,2004001509454,20040015094
고려천홍삼차,(주)화인내츄럴,2007-01-29,2004001509453,20040015094
츄어블해조칼슘,(주)허브큐어,2007-02-07,2004001516230,20040015162
츄어블멀티비타민,(주)허브큐어,2007-03-06,2004001516234,20040015162
프로폴리스함유,(주)유유헬스케어,2007-03-16,20040015107192,20040015107
이온스칼슘,(주)유유헬스케어,2007-03-20,20040015107197,20040015107
비아이혼합유산균,(주)비피도,2007-04-20,2004001507045,20040015070
비피더스균 락티스 에이디011,(주)비피도,2007-04-23,2004001507047,20040015070
유산균 애시도필러스 에이디031,(주)비피도,2007-04-26,2004001507051,20040015070
고려인삼정타블렛골드,(주)일화,2007-05-07,2004001510044,20040015100
미네랄칼슘이오니스,(주)유유헬스케어,2007-05-29,20040015107211,20040015107
홍삼청(紅蔘靑),고려인삼과학주식회사,2007-06-08,2004001503980,20040015039
조인트글루코사민,(주)허브큐어,2007-07-25,2004001516243,20040015162
고려홍삼차,(주)일화,2007-08-01,2004001510048,20040015100
내몸에 조은 멀티비타민,(주)유유헬스케어,2007-09-10,20040015107240,20040015107
발효인삼연질캅셀,(주)일화,2007-09-17,2004001510053,20040015100
츄어블유청칼슘,(주)허브큐어,2007-09-18,2004001516250,20040015162
파워멀티비타민,(주)유유헬스케어,2007-10-30,20040015107253,20040015107
웰빙글루코사민,(주)유유헬스케어,2007-11-12,20040015107257,20040015107
멀티비타민칼슘,(주)유유헬스케어,2007-11-14,20040015107259,20040015107
멀티비타민블루베리향,(주)유유헬스케어,2007-11-23,20040015107264,20040015107
멀티비타민파인애플향,(주)유유헬스케어,2007-11-23,20040015107265,20040015107
유산균 불가리쿠스 비에이치 04,(주)비피도,2007-11-28,2004001507072,20040015070
유산균 카제이 아이비에스 041,(주)비피도,2007-11-28,2004001507069,20040015070
유산균 퍼멘텀 오케이,(주)비피도,2007-11-28,2004001507071,20040015070
유산균 플란타룸 ND88,(주)비피도,2007-11-28,2004001507070,20040015070
멀티비타민&미네랄 블루베리맛,(주)유유헬스케어,2007-12-04,20040015107273,20040015107
멀티비타민&미네랄 파인애플향,(주)유유헬스케어,2007-12-04,20040015107272,20040015107
미네랄칼슘포르테,(주)유유헬스케어,2007-12-17,20040015107279,20040015107
오메가-3G,(주)유유헬스케어,2007-12-17,20040015107277,20040015107
웰빙미네랄칼슘,(주)유유헬스케어,2007-12-27,20040015107282,20040015107
비피더스균 인판티스 비에이치07,(주)비피도,2008-01-09,2004001507079,20040015070
키드혼합유산균(수출명:GitPro),주)팜크로스,2008-01-10,20040015110156,20040015110
맛있는철분,(주)유유헬스케어,2008-01-28,20040015107284,20040015107
맛있는츄어블,(주)유유헬스케어,2008-02-29,20040015107286,20040015107
맛있게씹어먹는철분,(주)유유헬스케어,2008-03-03,20040015107288,20040015107
종합비타민골목대장,(주)허브큐어,2008-03-06,2004001516265,20040015162
오메가-3,(주)유유헬스케어,2008-03-17,20040015107290,20040015107
천일고려인삼분정골드,포천인삼영농조합법인,2008-03-28,2006001514419,20060015144
천일고려태극인삼분말캅셀,포천인삼영농조합법인,2008-03-28,2006001514420,20060015144
웰빙철분,(주)유유헬스케어,2008-03-31,20040015107294,20040015107
유산균 람노써스 비에이치 09,(주)비피도,2008-04-07,2004001507087,20040015070
유산균 파라카제이 오케이,(주)비피도,2008-04-07,2004001507086,20040015070
일화고려인삼농축차,(주)일화,2008-04-23,2004001510055,20040015100
EPA DHA,(주)유유헬스케어,2008-05-06,20040015107301,20040015107
에이에이 EPA/DHA,주식회사 네추럴웨이,2008-05-20,2004001510419,20040015104
제주알로에정,(주)유유헬스케어,2008-08-12,20040015107306,20040015107
키토라인골드,주식회사 네추럴웨이,2008-08-28,2004001510423,20040015104
앨트헬스 비삼 골드,(주)일화,2008-09-10,2004001510059,20040015100
관절맥스,주식회사한미양행,2008-10-23,20040015083348,20040015083
이눌린 장엔장,경성제약주식회사,2008-11-12,2004001507320,20040015073
헬쓰키즈(Healthy Kids),(주)일화,2008-11-12,2004001510060,20040015100
칼슘플러스,(주)유유헬스케어,2008-12-23,20040015107328,20040015107
옵티마엽산,주)팜크로스,2009-01-05,20040015110200,20040015110
노마골드츄정,삼아제약주식회사,2009-01-07,200800152682,20080015268
노마츄정(복숭아맛),삼아제약주식회사,2009-01-07,200800152681,20080015268
고려홍삼골드플러스,고려인삼과학주식회사,2009-02-05,20040015039105,20040015039
휴먼상생환,경성제약주식회사,2009-02-10,2004001507323,20040015073
진베이비앤키즈멀티플파우더,(주)유유헬스케어,2009-03-03,20040015107331,20040015107
웰빙오메가3-EPA DHA,(주)유유헬스케어,2009-03-17,20040015107332,20040015107
유산균 파라카제이 씨에이치 88,(주)비피도,2009-03-18,2004001507094,20040015070
아이사랑비타민,고려인삼과학주식회사,2009-04-14,20040015039106,20040015039
PME-88멜론SOD정,주식회사한미양행,2009-05-29,20040015083386,20040015083
멜론SOD,주식회사한미양행,2009-05-29,20040015083385,20040015083
한미멜론SOD,주식회사한미양행,2009-05-29,20040015083387,20040015083
눈영양비타민A,주식회사한미양행,2009-06-11,20040015083388,20040015083
그린아센스,고려인삼과학주식회사,2009-07-13,20040015039107,20040015039
진키즈멀티플플러스비타민앤미네랄,(주)유유헬스케어,2009-07-14,20040015107344,20040015107
한미루테인골드,주식회사한미양행,2009-08-06,20040015083398,20040015083
한미 루테인프리미엄,주식회사한미양행,2009-08-17,20040015083401,20040015083
칼슘포르테,주식회사한미양행,2009-08-18,20040015083402,20040015083
눈건강 비타민A HMYH,주식회사한미양행,2009-08-27,20040015083409,20040015083
이눌린 쾌력,경성제약주식회사,2009-08-27,2004001507324,20040015073
멀티비타민미네랄프리미엄,(주)유유헬스케어,2009-09-28,20040015107348,20040015107
사라의 미소,(주)유유헬스케어,2009-09-28,20040015107347,20040015107
천황삼,(주)유유헬스케어,2009-10-08,20040015107349,20040015107
화진어랑골드 셀레늄,(주)화진바이오코스메틱,2009-10-15,2004001508122,20040015081
웰빙혼합유산균(수출명:Rofit),주)팜크로스,2009-10-22,20040015110219,20040015110
코오롱츄어블비타민C블루비타,(주)유유헬스케어,2009-10-27,20040015107352,20040015107
이롬비타민C,주식회사 이롬홀딩스,2009-11-02,200900151711,20090015171
고려홍삼차,(주)삼진GNF,2009-11-06,2006001510921,20060015109
아이러브유판씨,(주)유유헬스케어,2009-11-17,20040015107353,20040015107
화진감마리놀렌산366,(주)화진바이오코스메틱,2009-11-17,2004001508125,20040015081
화진옥타코사놀365,(주)화진바이오코스메틱,2009-11-17,2004001508124,20040015081
츄어블멀티비타민,(주)유유헬스케어,2009-11-26,20040015107355,20040015107
홍삼농축액골드,(주)삼진GNF,2009-11-26,2006001510922,20060015109
천비홍삼농축액골드,(주)일화,2009-11-27,2004001510063,20040015100
NAG 글루코사민,(주)유유헬스케어,2009-11-30,20040015107356,20040015107
화진글루코사민골드,(주)화진바이오코스메틱,2009-12-03,2004001508126,20040015081
바이오홍삼,(재)춘천바이오산업진흥원,2009-12-09,200500153684,20050015368
비타웰스,(재)춘천바이오산업진흥원,2009-12-09,200500153685,20050015368
한송정개성홍삼분말,개성인삼농협,2009-12-09,2004001511929,20040015119
한송정개성홍삼정,개성인삼농협,2009-12-09,2004001511923,20040015119
코오롱츄어블비타민C레드비타,(주)유유헬스케어,2009-12-11,20040015107357,20040015107
고려홍삼골드연질캅셀,포천인삼영농조합법인,2009-12-15,2006001514421,20060015144
고려홍삼정골드,고려인삼과학주식회사,2009-12-23,20040015039114,20040015039
고려홍삼정수,고려인삼과학주식회사,2009-12-23,20040015039115,20040015039
고려홍삼정플러스,고려인삼과학주식회사,2009-12-23,20040015039113,20040015039
피에이치엘 키토올리고당,(주)유유헬스케어,2009-12-23,20040015107359,20040015107
파워그린,(주)백천바이오텍(biotech),2009-12-31,2004001507225,20040015072
고려홍삼농축액,고려인삼과학주식회사,2010-01-06,20040015039117,20040015039
홍삼정,고려인삼과학주식회사,2010-01-06,20040015039116,20040015039
인제칼슘포르테N비타민미네랄,주식회사한미양행,2010-01-07,20040015083426,20040015083
고려홍삼정,고려인삼과학주식회사,2010-01-08,20040015039119,20040015039
노마츄정(메론맛),삼아제약주식회사,2010-01-12,200800152688,20080015268
노마츄정(튜티향)(합성튜티향 첨가),삼아제약주식회사,2010-01-12,200800152687,20080015268
노마츄정(포도맛),삼아제약주식회사,2010-01-12,200800152686,20080015268
아르고 눈애존,(주)유유헬스케어,2010-01-20,20040015107362,20040015107
루테인프리미엄,주식회사한미양행,2010-01-26,20040015083430,20040015083
한빛인제칼슘포르테비타민미네랄,주식회사한미양행,2010-01-29,20040015083433,20040015083
아이브라이트 플러스,(주)유유헬스케어,2010-02-03,20040015107363,20040015107
고려인삼차,고려인삼과학주식회사,2010-02-09,20040015039121,20040015039
고려홍삼차,고려인삼과학주식회사,2010-02-09,20040015039122,20040015039
인삼농축액,고려인삼과학주식회사,2010-02-09,20040015039120,20040015039
밝은눈 비타민A,(주)유유헬스케어,2010-02-17,20040015107367,20040015107
체감환,경성제약주식회사,2010-02-22,2004001507328,20040015073
하이맥스,(주)유유헬스케어,2010-02-23,20040015107368,20040015107
발효홍삼농축액,(주)화인내츄럴,2010-03-02,2004001509464,20040015094
한미오메가3EPA/DHA,주식회사한미양행,2010-03-10,20040015083435,20040015083
옵티마마이헬스키드,주)팜크로스,2010-03-15,20040015110233,20040015110
고려홍삼농축액,(주)일화,2010-03-17,2004001510067,20040015100
고려홍삼성분정캅셀골드,(주)화인내츄럴,2010-03-17,2004001509468,20040015094
웰빙홍삼,(주)유유헬스케어,2010-03-17,20040015107371,20040015107
홍삼력골드캅셀홍삼성분,(주)화인내츄럴,2010-03-17,2004001509470,20040015094
홍삼성분정캅셀골드,(주)화인내츄럴,2010-03-17,2004001509469,20040015094
진스트 캡슐,(주)일화,2010-03-26,2004001510068,20040015100
에이치씨에이매직다이어트,경성제약주식회사,2010-04-01,2004001507329,20040015073
진츄어블칼슘마그네슘아연 + 비타민D,(주)유유헬스케어,2010-04-02,20040015107374,20040015107
스피센스포르테,주식회사 네추럴웨이,2010-04-06,2004001510425,20040015104
다이어트 박사,경성제약주식회사,2010-04-15,2004001507330,20040015073
고려인삼보간분정,(주)화인내츄럴,2010-04-16,2004001509472,20040015094
고려홍삼골드,고려인삼과학주식회사,2010-04-20,20040015039123,20040015039
비타 엽산,(주)유유헬스케어,2010-04-23,20040015107377,20040015107
수다이어트,(주)유유헬스케어,2010-05-19,20040015107379,20040015107
한삼력,경성제약주식회사,2010-05-19,2004001507333,20040015073
천일일화고려홍삼농축액,(주)일화,2010-05-20,2004001510070,20040015100
화진홍삼제품암행어사,(주)화진바이오코스메틱,2010-05-20,2004001508129,20040015081
그린웨이브글루코사민,(주)유유헬스케어,2010-05-28,20040015107380,20040015107
프로바이오틱스 지엔엘,(주)비피도,2010-06-01,20040015070116,20040015070
한미멀티비타민,주식회사한미양행,2010-06-09,20040015083451,20040015083
솔고혼합유산균A+,(주)유유헬스케어,2010-06-21,20040015107383,20040015107
오메가 3,(주)유유헬스케어,2010-06-21,20040015107382,20040015107
쥬벨 365 다이어트,경성제약주식회사,2010-06-21,2004001507336,20040015073
키토산 패밀리 8,주식회사한미양행,2010-06-21,20040015083453,20040015083
한빛칼슘골드,(주)유유헬스케어,2010-07-01,20040015107384,20040015107
MSM골드정제,디에이치팜(주),2010-07-12,2004001510290,20040015102
고려홍삼농축액로얄,포천인삼영농조합법인,2010-07-12,2006001514425,20060015144
맛있는멀티비타민,(주)유유헬스케어,2010-07-13,20040015107386,20040015107
천비홍삼농축액명작,(주)일화,2010-07-13,2004001510076,20040015100
이피에이 디에이치에이 600(EPA DHA 600),(주)유유헬스케어,2010-07-22,20040015107387,20040015107
천하무적키즈왕홍삼,고려인삼과학주식회사,2010-07-29,20040015039130,20040015039
홍삼멀티비타민&미네랄,(주)유유헬스케어,2010-08-02,20040015107388,20040015107
홍삼력골드플러스캅셀홍삼성분,(주)화인내츄럴,2010-08-13,2004001509473,20040015094
고려인삼정캡슐,(주)삼진GNF,2010-08-20,2006001510927,20060015109
그린웨이브철분엽산,(주)유유헬스케어,2010-08-25,20040015107389,20040015107
윤연숙진산골드,개성인삼농협,2010-08-25,2004001511936,20040015119
에너지 밸런스업,(주)유유헬스케어,2010-09-01,20040015107391,20040015107
우리아이종합비타민,주식회사한미양행,2010-09-09,20040015083463,20040015083
"헤픽스비타민(HEFIX Vitamin, 전량수출용)",고려인삼과학주식회사,2010-09-09,20040015039131,20040015039
홍삼메토,(주)일화,2010-09-13,2004001510078,20040015100
홍삼앤바나바,(주)일화,2010-09-13,2004001510079,20040015100
홍삼칸케어,(주)일화,2010-09-13,2004001510080,20040015100
홍슬림다이어트,(주)일화,2010-09-13,2004001510081,20040015100
앨트헬스 라이프업,(주)일화,2010-09-17,2004001510083,20040015100
홍삼아이튼튼플러스 진,(주)일화,2010-09-17,2004001510082,20040015100
멀티플렉스철분앤엽산,(주)유유헬스케어,2010-10-01,20040015107393,20040015107
고려인삼정캡슐플러스,(주)삼진GNF,2010-10-06,2006001510928,20060015109
화진 프로폴리스골드,(주)화진바이오코스메틱,2010-10-06,2004001508130,20040015081
실리토닉 위드 비타민B12 (전량수출용),고려인삼과학주식회사,2010-10-27,20040015039132,20040015039
웰파인다이어트식이섬유,(주)유유헬스케어,2010-11-01,20040015107397,20040015107
백년지기 홍삼액,(주)팜텍코리아,2010-11-03,2004001519114,20040015191
사포눌린,(주)유유헬스케어,2010-11-05,20040015107398,20040015107
고려 천홍삼분말골드,(주)화인내츄럴,2010-11-18,2004001509474,20040015094
고려홍삼농축액(전량수출용),고려인삼과학주식회사,2010-11-18,20040015039134,20040015039
"실리토닉(Silytonic, 전량수출용)",고려인삼과학주식회사,2010-11-18,20040015039133,20040015039
식이섬유화이버캡,(주)허브큐어,2010-12-10,2004001516271,20040015162
고려홍삼농축액골드,포천인삼영농조합법인,2010-12-14,2006001514428,20060015144
내몸에좋은비타민C와E 딸기맛,(주)유유헬스케어,2010-12-17,20040015107400,20040015107
"내몸에좋은비타민 C와E, B2 레몬맛",(주)유유헬스케어,2010-12-21,20040015107401,20040015107
한송정개성홍삼정골드캅셀,개성인삼농협,2010-12-23,2004001511940,20040015119
홍삼농축액,(주)일화,2010-12-23,2004001510085,20040015100
고려홍삼정오리지널,고려인삼과학주식회사,2010-12-27,20040015039135,20040015039
식이섬유 골드,(주)허브큐어,2010-12-27,2004001516275,20040015162
한송정개성홍삼정환,개성인삼농협,2010-12-27,2004001511942,20040015119
고려태극삼액정,(주)일화,2010-12-31,2004001510086,20040015100
비-프로폴리스GOLD,주식회사한미양행,2010-12-31,20040015083478,20040015083
솔빛B,주식회사한미양행,2010-12-31,20040015083477,20040015083
홍삼정골드,고려인삼과학주식회사,2010-12-31,20040015039136,20040015039
슬림&스마일,(주)유유헬스케어,2011-01-04,20040015107403,20040015107
진마미모미철분,(주)유유헬스케어,2011-01-04,20040015107402,20040015107
한송정개성홍삼차,개성인삼농협,2011-01-14,2004001511943,20040015119
삼성니코비타,(주)허브큐어,2011-01-31,2004001516280,20040015162
고려홍삼농축액,(주)화인내츄럴,2011-02-01,2004001509475,20040015094
어덜트멀티비타민&미네랄,(주)유유헬스케어,2011-02-11,20040015107408,20040015107
와우 플러스(Wow Plus),(주)허브큐어,2011-02-15,2004001516281,20040015162
천일고려태극삼액정,(주)일화,2011-02-15,2004001510087,20040015100
키즈비타민,(주)유유헬스케어,2011-02-17,20040015107409,20040015107
식이섬유,경성제약주식회사,2011-02-22,2004001507338,20040015073
본케어칼슘골드,(주)유유헬스케어,2011-03-02,20040015107411,20040015107
세포보호에 도움을 주는 셀닥터 영양소 파우더,(주)유유헬스케어,2011-03-02,20040015107412,20040015107
궁내삼홍삼진액,(주)팜텍코리아,2011-03-10,2004001519115,20040015191
진스트 고려인삼연질캡슐(GINST Korean Ginseng Soft Capsule),(주)일화,2011-03-10,2004001510088,20040015100
태극삼농축액프리미엄,(주)화인내츄럴,2011-03-14,2004001509477,20040015094
한송정개성분말홍삼차,개성인삼농협,2011-03-18,2004001511945,20040015119
유판씨뷰티비타,(주)유유헬스케어,2011-03-21,20040015107414,20040015107
GINST고려홍삼차 (GINST KOREAN RED GINSENG TEA),(주)일화,2011-03-24,2004001510089,20040015100
EBM 비움 S,경성제약주식회사,2011-03-29,2004001507340,20040015073
고려태극인삼분말캅셀,(주)화인내츄럴,2011-03-29,2004001509478,20040015094
오메가멀티플렉스,(주)유유헬스케어,2011-04-04,20040015107415,20040015107
칼슘마그네슘아연플러스,(주)유유헬스케어,2011-04-04,20040015107417,20040015107
프로바이오틱스우먼,(주)비피도,2011-04-04,20040015070125,20040015070
울트라비타민미네랄W,(주)유유헬스케어,2011-04-07,20040015107418,20040015107
진스트 고려인삼농축액(GINST Korean Ginseng Extract),(주)일화,2011-04-07,2004001510090,20040015100
천일고려태극삼분말,(주)일화,2011-04-07,2004001510091,20040015100
닥터. 멀티비타민미네랄밸런스,주)팜크로스,2011-04-11,20040015110280,20040015110
삼성요오드포르테,(주)유유헬스케어,2011-04-14,20040015107420,20040015107
인제 로얄 칼슘.비타민.미네랄 골드,주식회사한미양행,2011-04-14,20040015083493,20040015083
활력삼 캡슐,(주)일화,2011-04-14,2004001510092,20040015100
슬림&헬스다이어트,경성제약주식회사,2011-04-20,2004001507341,20040015073
울트라비타민미네랄M,(주)유유헬스케어,2011-04-20,20040015107421,20040015107
체감슬림환,(주)허브큐어,2011-04-25,2004001516283,20040015162
미소인이소플라본,(주)유유헬스케어,2011-04-26,20040015107422,20040015107
하이화이버플러스,주식회사 굿씨드,2011-04-29,200800150587,20080015058
고려홍삼분말,(주)삼진GNF,2011-05-02,2006001510929,20060015109
홍삼농축액프리미엄,(주)삼진GNF,2011-05-02,2006001510930,20060015109
헤파케어골드,(주)유유헬스케어,2011-05-03,20040015107424,20040015107
폴리맥스프리미엄,주식회사한미양행,2011-05-04,20040015083499,20040015083
포거트(Fourgurt),(주)비피도,2011-05-12,20040015070130,20040015070
EBM 비움 M,경성제약주식회사,2011-05-18,2004001507342,20040015073
고려인삼농축액,(주)일화,2011-05-18,2004001510093,20040015100
비타플러스,주)팜크로스,2011-05-20,20040015110293,20040015110
차전자피식이섬유,(주)유유헬스케어,2011-05-24,20040015107425,20040015107
홍삼농축액,(주)하티,2011-05-31,201100150711,20110015071
홍경천프로폴리스,(주)팜텍코리아,2011-06-01,2004001519117,20040015191
제우스실버포맨,(주)유유헬스케어,2011-06-02,20040015107426,20040015107
해피짱쵸이락포르테,주)팜크로스,2011-06-07,20040015110295,20040015110
화진키토올리고당골드,(주)화진바이오코스메틱,2011-06-08,2004001508131,20040015081
경남비타민씨플러스,(주)허브큐어,2011-06-14,2004001516284,20040015162
아레스포맨,(주)유유헬스케어,2011-06-15,20040015107429,20040015107
아테네키즈,(주)유유헬스케어,2011-06-15,20040015107430,20040015107
포세이돈포맨,(주)유유헬스케어,2011-06-15,20040015107428,20040015107
헤라실버포우먼,(주)유유헬스케어,2011-06-15,20040015107427,20040015107
파워 엠토,(주)파시코,2011-06-22,2004001520145,20040015201
고려홍삼농축액 진,(주)일화,2011-06-23,2004001510094,20040015100
글루코사민스텝바이스텝,(주)유유헬스케어,2011-06-23,20040015107431,20040015107
화진홍삼겔,(주)화진바이오코스메틱,2011-06-23,2004001508132,20040015081
헤파골드,(주)허브큐어,2011-06-24,2004001516285,20040015162
화진다이어트 가르시니아슬림골드,(주)화진바이오코스메틱,2011-06-27,2004001508133,20040015081
티발란스싸이폴라마일드,(주)유유헬스케어,2011-06-30,20040015107435,20040015107
고려홍삼차20(전량수출용),고려인삼과학주식회사,2011-07-06,20040015039139,20040015039
홍삼차프리미엄(전량수출용),고려인삼과학주식회사,2011-07-06,20040015039138,20040015039
일화홍삼농축액,(주)일화,2011-07-11,2004001510095,20040015100
스위트 식이섬유,주식회사 굿씨드,2011-07-21,200800150588,20080015058
고려천일인삼차,(주)화인내츄럴,2011-07-22,2004001509480,20040015094
천일홍삼차,(주)화인내츄럴,2011-07-22,2004001509481,20040015094
마더스칼슘마그네슘,주)팜크로스,2011-07-27,20040015110301,20040015110
스타옥타코사놀,(주)유유헬스케어,2011-07-28,20040015107439,20040015107
아쿠아워터큐로,(주)유유헬스케어,2011-07-28,20040015107440,20040015107
FBL멀티비타민앤미네랄,(주)유유헬스케어,2011-08-02,20040015107441,20040015107
어삼골드,(주)팜텍코리아,2011-08-08,2004001519118,20040015191
고려홍삼정액,포천인삼영농조합법인,2011-08-18,2006001514431,20060015144
리폼멀티비타민,(주)유유헬스케어,2011-08-18,20040015107442,20040015107
맛있는 종합비타민,(주)유유헬스케어,2011-08-18,20040015107443,20040015107
인제KEY(키)칼슘골드플러스,주식회사한미양행,2011-08-18,20040015083512,20040015083
지-알피엠 지엠에이,(주)유유헬스케어,2011-08-24,20040015107445,20040015107
눈애(愛)조아,(주)유유헬스케어,2011-09-09,20040015107446,20040015107
고려홍삼정골드,개성인삼농협,2011-09-15,2004001511948,20040015119
미로키토올리고당,(주)허브큐어,2011-09-15,2004001516288,20040015162
앤정 프리미엄골드,경성제약주식회사,2011-09-19,2004001507344,20040015073
슈퍼칼슘3골드,(주)유유헬스케어,2011-09-26,20040015107447,20040015107
파워업쏘팔메토플러스,(주)허브큐어,2011-09-27,2004001516289,20040015162
홍삼성분타브렛골드,(주)화인내츄럴,2011-10-07,2004001509482,20040015094
뼈애(愛)조아,(주)유유헬스케어,2011-10-13,20040015107450,20040015107
솔빛Q,주식회사한미양행,2011-10-13,20040015083518,20040015083
채움라이프,주식회사 네추럴웨이,2011-10-13,2004001510431,20040015104
코케어,주)팜크로스,2011-10-18,20040015110313,20040015110
슈코플렉스,(주)유유헬스케어,2011-10-19,20040015107453,20040015107
유유소성칼디,(주)유유헬스케어,2011-10-19,20040015107452,20040015107
파워유산균프로틴,(주)파시코,2011-10-21,2004001520146,20040015201
발효인삼농축액,(주)일화,2011-11-03,2004001510097,20040015100
코코케어,주)팜크로스,2011-11-03,20040015110316,20040015110
플래티넘루테인플러스,주식회사한미양행,2011-11-08,20040015083520,20040015083
홍삼원마일드,고려인삼과학주식회사,2011-11-08,20040015039140,20040015039
멀티비타민미네랄 블루베리맛,(주)유유헬스케어,2011-11-11,20040015107454,20040015107
눈애(愛)조아 플러스,(주)유유헬스케어,2011-11-14,20040015107455,20040015107
키토산한국보건영,고려인삼과학주식회사,2011-11-18,20040015039141,20040015039
고려홍삼정골드캡슐,(주)일화,2011-11-22,2004001510099,20040015100
수퍼오메가데일리,(주)유유헬스케어,2011-11-28,20040015107456,20040015107
경성제약 장박사 플러스,경성제약주식회사,2011-11-29,2004001507345,20040015073
건국패밀리생유산균,디에이치팜(주),2011-12-02,20040015102104,20040015102
고려천일태극인삼성분캅셀,(주)화인내츄럴,2011-12-02,2004001509483,20040015094
웰브라운다이어트,경성제약주식회사,2011-12-06,2004001507346,20040015073
츄어블칼슘플러스,(주)유유헬스케어,2011-12-15,20040015107460,20040015107
츄어블혼합유산균플러스,(주)유유헬스케어,2011-12-15,20040015107459,20040015107
발효홍삼농축액,(주)일화,2011-12-16,20040015100100,20040015100
보령뉴셀렉스,(주)팜텍코리아,2011-12-16,2004001519119,20040015191
샤크플러스칼슘,주식회사 네추럴웨이,2011-12-16,2004001510432,20040015104
Affirm 9988(전량수출용),(주)유유헬스케어,2011-12-20,20040015107461,20040015107
프로폴리스에프,(주)유유헬스케어,2011-12-20,20040015107462,20040015107
츄어블멀티비타민 맨,(주)유유헬스케어,2011-12-23,20040015107463,20040015107
인삼가수분해농축액,(주)일화,2012-01-02,20040015100101,20040015100
패밀리 몸애(愛)조아,(주)유유헬스케어,2012-01-04,20040015107464,20040015107
파미스엽산플러스,주)팜크로스,2012-01-06,20040015110331,20040015110
지근억영양철분비타민,(주)비피도,2012-01-13,20040015070142,20040015070
진홍삼농축액,고려인삼과학주식회사,2012-01-13,20040015039144,20040015039
토코한국보건영,고려인삼과학주식회사,2012-01-13,20040015039146,20040015039
효(孝)삼정,고려인삼과학주식회사,2012-01-13,20040015039145,20040015039
테라트리 엠에스엠,(주)유유헬스케어,2012-01-20,20040015107465,20040015107
엑스-팻다이어트,고려인삼과학주식회사,2012-02-06,20040015039147,20040015039
진스트 고려인삼차(GINST KOREAN GINSENG TEA)-전량수출용,(주)일화,2012-02-09,20040015100102,20040015100
천비홍삼농축액명작로얄,(주)일화,2012-02-09,20040015100103,20040015100
JW중외복합쏘팔메토프리미엄,주식회사한미양행,2012-02-20,20040015083533,20040015083
진스트 고려인삼정 타블렛-전량수출용,(주)일화,2012-02-29,20040015100104,20040015100
홍삼분말프리미엄,(주)화인내츄럴,2012-02-29,2004001509488,20040015094
뷰티우먼(전량 수출용),포천인삼영농조합법인,2012-03-06,2006001514432,20060015144
솔빛G,주식회사한미양행,2012-03-07,20040015083534,20040015083
파워 팻버너,(주)파시코,2012-03-16,2004001520148,20040015201
유판씨옐로우레몬맛,(주)유유헬스케어,2012-03-19,20040015107472,20040015107
팻빼로,고려인삼과학주식회사,2012-03-19,20040015039148,20040015039
고려홍삼정진,고려인삼과학주식회사,2012-03-23,20040015039149,20040015039
팻빼로플러스,고려인삼과학주식회사,2012-03-23,20040015039150,20040015039
메가톤 KIDS(전량수출용),(주)유유헬스케어,2012-03-28,20040015107474,20040015107
다이나미스 트리플엑스,(주)유유헬스케어,2012-03-30,20040015107476,20040015107
뉴아이러브유판씨,(주)유유헬스케어,2012-04-12,20040015107477,20040015107
EPADHA 600플러스,(주)유유헬스케어,2012-04-16,20040015107478,20040015107
멀티비타민,(주)유유헬스케어,2012-04-16,20040015107479,20040015107
조인트 뉴트리(전량수출용),(주)유유헬스케어,2012-04-16,20040015107480,20040015107
한미 루테인골드,주식회사한미양행,2012-04-17,20040015083541,20040015083
루테인골드,(주)유유헬스케어,2012-04-20,20040015107483,20040015107
멀티비타민앤미네랄 포 패밀리,(주)유유헬스케어,2012-04-20,20040015107481,20040015107
비타민C-1000 오리지널,(주)유유헬스케어,2012-04-20,20040015107482,20040015107
고려천홍삼순액골드,(주)화인내츄럴,2012-04-25,2004001509489,20040015094
오메가3 골드,(주)유유헬스케어,2012-05-01,20040015107484,20040015107
천수삼에스(전량수출용),(주)일화,2012-05-03,20040015100105,20040015100
레시틴프리미엄,(주)유유헬스케어,2012-05-04,20040015107485,20040015107
홍.담.소(紅.談.笑),(주)유유헬스케어,2012-05-11,20040015107486,20040015107
바이헬스,주)팜크로스,2012-05-22,20040015110350,20040015110
간당아이,(주)일화,2012-05-23,20040015100107,20040015100
성지헬스본칼슘800,(주)유유헬스케어,2012-05-30,20040015107487,20040015107
진스트15 앰플 플러스,(주)일화,2012-05-30,20040015100108,20040015100
페디오 듀오,(주)유유헬스케어,2012-05-30,20040015107491,20040015107
페디오징크정,(주)유유헬스케어,2012-05-30,20040015107490,20040015107
옵티마라피노스,주)팜크로스,2012-05-31,20040015110351,20040015110
해포린(HEPOLIN),고려인삼과학주식회사,2012-06-18,20040015039151,20040015039
고려인삼정캡슐플러스,고려인삼과학주식회사,2012-06-19,20040015039152,20040015039
이소플라본,주)팜크로스,2012-06-19,20040015110353,20040015110
고려홍삼정 힐링타임,고려인삼과학주식회사,2012-07-02,20040015039154,20040015039
일화 고려인삼연질캡슐-전량수출용,(주)일화,2012-07-11,20040015100110,20040015100
멀티비타민&미네랄 12,(주)유유헬스케어,2012-07-13,20040015107493,20040015107
블루베리맛 눈사랑 비타민A & C,(주)유유헬스케어,2012-07-13,20040015107494,20040015107
일화닥터삼,(주)일화,2012-07-13,20040015100111,20040015100
"칼슘마그네슘아연+비타민C,D",(주)유유헬스케어,2012-07-13,20040015107492,20040015107
플러스칼슘골드,주식회사한미양행,2012-07-13,20040015083550,20040015083
레몬맛 다이어트,(주)팜텍코리아,2012-07-25,2004001519120,20040015191
다이어트가르시니아,(주)유유헬스케어,2012-07-31,20040015107495,20040015107
안당삼(安糖蔘),(주)일화,2012-08-09,20040015100112,20040015100
멀티비타민5,(주)유유헬스케어,2012-08-17,20040015107497,20040015107
모닝큐다이어트식이섬유,(주)유유헬스케어,2012-08-17,20040015107496,20040015107
하이락비피더스,(주)비피도,2012-08-27,20040015070151,20040015070
월드라키즈,주식회사한미양행,2012-08-30,20040015083557,20040015083
동일발효태극삼농축액,(주)화인내츄럴,2012-08-31,2004001509490,20040015094
동일발효태극삼캅셀,(주)화인내츄럴,2012-08-31,2004001509491,20040015094
키토올리고당 파코스프라임,(주)유유헬스케어,2012-09-04,20040015107499,20040015107
장앤미 큐로,(주)유유헬스케어,2012-09-05,20040015107500,20040015107
한송정홍삼농축액시그니처(SIGNATURE),개성인삼농협,2012-09-10,2004001511957,20040015119
데일리케어톡 프리미엄 엠에스엠(MSM)100,디에이치팜(주),2012-09-11,20040015102113,20040015102
글루코사민100 VIP(전량수출용),주식회사한미양행,2012-09-19,20040015083561,20040015083
동일발효홍삼캅셀,(주)화인내츄럴,2012-09-25,2004001509493,20040015094
옵티덴골드,주)팜크로스,2012-09-25,20040015110373,20040015110
속편안安 인생,주식회사 네추럴웨이,2012-10-05,2004001510439,20040015104
유판씨레드딸기맛,(주)유유헬스케어,2012-10-05,20040015107506,20040015107
유판씨오렌지맛,(주)유유헬스케어,2012-10-05,20040015107504,20040015107
유판씨퍼플포도맛,(주)유유헬스케어,2012-10-05,20040015107505,20040015107
고려홍삼농축액,포천인삼영농조합법인,2012-10-12,2006001514433,20060015144
홍삼차슈퍼프리미엄(전량수출용),고려인삼과학주식회사,2012-10-12,20040015039155,20040015039
체지방감소 가르시니아,(주)허브큐어,2012-10-16,2004001516290,20040015162
바디체인지스키니다이어트,(주)팜텍코리아,2012-10-17,2004001519121,20040015191
장(腸) 밸런스,주식회사 네추럴웨이,2012-10-23,2004001510440,20040015104
채움 후,주식회사 네추럴웨이,2012-10-24,2004001510441,20040015104
데일리밸런스,(주)유유헬스케어,2012-10-25,20040015107510,20040015107
알앤씨-비바체칼슘,(주)유유헬스케어,2012-10-25,20040015107509,20040015107
뽀롱뽀롱 뽀로로 비타민C,주식회사비엠제약,2012-10-30,201000152196,20100015219
프로폴리스,(주)유유헬스케어,2012-10-30,20040015107511,20040015107
간 건강 밀크씨슬 칸,주식회사 네추럴웨이,2012-11-01,2004001510442,20040015104
루테인,주식회사한미양행,2012-11-05,20040015083571,20040015083
미친 멀티비타민,(주)유유헬스케어,2012-11-08,20040015107512,20040015107
알앤씨-뉴발란스,(주)유유헬스케어,2012-11-08,20040015107514,20040015107
닥터컨트롤DX,(주)팜텍코리아,2012-11-13,2004001519122,20040015191
화이버슬림라인,(주)유유헬스케어,2012-11-19,20040015107516,20040015107
비타민C 밸런스업,(주)유유헬스케어,2012-11-20,20040015107520,20040015107
비타민미네랄 큐로,(주)유유헬스케어,2012-11-20,20040015107519,20040015107
데르니에H,(주)유유헬스케어,2012-11-21,20040015107521,20040015107
가르시니아 & 사라시아 다이어트 커피(전량수출용),고려인삼과학주식회사,2012-12-20,20040015039156,20040015039
한국건간보,(주)일화,2012-12-28,20040015100113,20040015100
고삼력홍삼캡슐32(전량수출용),고려인삼과학주식회사,2013-01-02,20040015039157,20040015039
BB Vite Plus(전량수출용),(주)유유헬스케어,2013-01-17,20040015107528,20040015107
하이코알라아연&비타민C,주)팜크로스,2013-01-23,20040015110392,20040015110
에이치엠멀티미네랄 마그네슘&망간,(주)팜텍코리아,2013-01-25,2004001519124,20040015191
BB  collagen powder(전량수출용),(주)유유헬스케어,2013-01-28,20040015107529,20040015107
간 건강에 도움을 줄 수 있는 프로그램,(주)유유헬스케어,2013-02-08,20040015107530,20040015107
지구력 증진에 도움을 줄 수 있는 프로그램,(주)유유헬스케어,2013-02-08,20040015107531,20040015107
하이코알라멀티비타민&미네랄,주)팜크로스,2013-02-14,20040015110394,20040015110
갱년기 여성건강에 도움을 줄 수 있는 프로그램,(주)유유헬스케어,2013-02-20,20040015107532,20040015107
기억력 개선에 도움을 줄 수 있는 프로그램,(주)유유헬스케어,2013-02-22,20040015107533,20040015107
홍삼농축액(INTENSIVE),(주)화인내츄럴,2013-02-22,2004001509497,20040015094
페디오키디,(주)유유헬스케어,2013-02-25,20040015107534,20040015107
키즈징크시럽,(주)팜텍코리아,2013-02-27,2004001519125,20040015191
홍삼정골드,(주)화인내츄럴,2013-02-28,2004001509498,20040015094
관절애(愛)좋아,(주)유유헬스케어,2013-03-05,20040015107536,20040015107
장 건강에 도움을 줄 수 있는 프로그램,(주)유유헬스케어,2013-03-05,20040015107535,20040015107
파이토플라본,주)팜크로스,2013-03-05,20040015110398,20040015110
오메가 큐(Omega Q),(주)허브큐어,2013-03-06,2004001516291,20040015162
안녕 자두야 눈사랑비타A,(주)유유헬스케어,2013-03-08,20040015107537,20040015107
안녕 자두야 멀티비타민미네랄,(주)유유헬스케어,2013-03-11,20040015107538,20040015107
에너지 대사에 필요한 프로그램,(주)유유헬스케어,2013-03-13,20040015107539,20040015107
슬림다이어트밸런스,(주)유유헬스케어,2013-03-20,20040015107540,20040015107
수라삼 프리미엄 골드,(주)팜텍코리아,2013-03-27,2004001519126,20040015191
한국익간보,고려인삼과학주식회사,2013-03-29,20040015039158,20040015039
옥타코사놀 프리미엄,(주)화진바이오코스메틱,2013-04-02,2004001508134,20040015081
히알루론산프리미엄 골드,(주)화진바이오코스메틱,2013-04-02,2004001508135,20040015081
정직한 가르시니아 2800,주식회사한미양행,2013-04-03,20040015083590,20040015083
어삼진액프리미엄골드,(주)팜텍코리아,2013-04-05,2004001519127,20040015191
화진 글루콘산칼슘.비타민,(주)화진바이오코스메틱,2013-04-10,2004001508137,20040015081
닥터지 프로바이오틱스 유산균 프리미엄,(주)비피도,2013-04-16,20040015070161,20040015070
가르시니아다이어트캔디,디에이치팜(주),2013-04-30,20040015102115,20040015102
복합헤모철플러스,주식회사한미양행,2013-05-01,20040015083601,20040015083
유유칼디,(주)유유헬스케어,2013-05-08,20040015107544,20040015107
파스텔 MSM 관절사랑,(주)하티,2013-05-14,201100150712,20110015071
패밀리 슬림다이어트 겔,(주)팜텍코리아,2013-05-14,2004001519128,20040015191
발효홍삼액,(주)화인내츄럴,2013-05-15,20040015094100,20040015094
이롬 온가족 영양효모 비오틴,주식회사 이롬홀딩스,2013-05-20,200900151713,20090015171
진사겔,(주)일화,2013-05-20,20040015100115,20040015100
진생이골드,(주)일화,2013-05-20,20040015100116,20040015100
"키즈아연 + 비타민C,E",(주)유유헬스케어,2013-05-20,20040015107545,20040015107
쏘팔메토플러스,주식회사한미양행,2013-06-12,20040015083609,20040015083
보령파미스비타민D,주)팜크로스,2013-06-13,20040015110425,20040015110
홍삼해삼캡슐로얄(수출용),포천인삼영농조합법인,2013-06-28,2006001514435,20060015144
홍삼해삼캡슐프리미엄(수출용),포천인삼영농조합법인,2013-06-28,2006001514434,20060015144
가르시니아 앤 CLA,주식회사한미양행,2013-07-02,20040015083621,20040015083
당신의 눈에 꽃이 피어 있네요,주식회사한미양행,2013-07-02,20040015083619,20040015083
그녀의 뷰티 히알루론산,주식회사한미양행,2013-07-08,20040015083623,20040015083
식후 혈당상승 억제에 도움을 줄 수 있는 듀오 캅셀,(주)화인내츄럴,2013-07-09,20040015094101,20040015094
뽀롱뽀롱 뽀로로 멀티비타민,주식회사비엠제약,2013-07-16,2010001521914,20100015219
홍삼농축액1,(주)일화,2013-07-18,20040015100117,20040015100
브라질리안프로폴리스리퀴드(Liquid),(주)팜텍코리아,2013-07-19,2004001519130,20040015191
뉴트리 디-데이 다이어트 슬림핏 스피드컷,주식회사한미양행,2013-08-05,20040015083630,20040015083
본작 혼휘삼 홍삼정,(주)화인내츄럴,2013-08-08,20040015094102,20040015094
본작 혼휘삼 홍삼진액원,(주)화인내츄럴,2013-08-08,20040015094103,20040015094
셀렌이스트라민,주)팜크로스,2013-08-08,20040015110445,20040015110
알파브레인,주식회사한미양행,2013-08-08,20040015083632,20040015083
천활력삼,(주)일화,2013-08-08,20040015100118,20040015100
홍삼농축액10,(주)화인내츄럴,2013-08-08,20040015094104,20040015094
뉴트리 디-데이 다이어트 칼로리 스피드컷,주식회사한미양행,2013-08-16,20040015083633,20040015083
앙띠플러스,주)팜크로스,2013-08-16,20040015110448,20040015110
카리온칼슘,주)팜크로스,2013-08-16,20040015110452,20040015110
옵티키즈정,주)팜크로스,2013-08-20,20040015110453,20040015110
인성비타민골드,디에이치팜(주),2013-08-20,20040015102121,20040015102
그린키즈츄어블아연,주)팜크로스,2013-08-26,20040015110457,20040015110
백년지기,(주)유유헬스케어,2013-08-26,20040015107550,20040015107
비비리포플러스(전량수출용),(주)유유헬스케어,2013-08-26,20040015107549,20040015107
리젠 뷰티맥스 브이(V),(주)팜텍코리아,2013-08-30,2004001519131,20040015191
혈행개선에 도움을 줄 수 있는 프로그램,(주)유유헬스케어,2013-09-05,20040015107551,20040015107
보령프라징크,(주)팜텍코리아,2013-09-06,2004001519132,20040015191
가피타히보코리아레드진생,(주)하티,2013-09-11,201100150713,20110015071
복합쏘팔메토포맨파워,주식회사한미양행,2013-09-11,20040015083638,20040015083
슬림버닝02,주식회사한미양행,2013-09-13,20040015083639,20040015083
마디생,(주)허브큐어,2013-09-17,2004001516292,20040015162
진스트 고려인삼정 타블렛,(주)일화,2013-09-30,20040015100121,20040015100
진스트 고려인삼차(수출용제품명:진스트 15 고려인삼차GINST 15 KOREAN GINSENG TEA),(주)일화,2013-09-30,20040015100119,20040015100
진스트 고려홍삼농축액,(주)일화,2013-09-30,20040015100120,20040015100
진스트 인삼농축차(수출용제품명:진스트 15 고려인삼농축액GINST 15 KOREAN GINSENG EXTRACT),(주)일화,2013-09-30,20040015100122,20040015100
엽산600,(주)유유헬스케어,2013-10-02,20040015107552,20040015107
옥타코사놀 골드,(주)유유헬스케어,2013-10-07,20040015107553,20040015107
보령 궁수호,(주)팜텍코리아,2013-10-10,2004001519133,20040015191
중외복합오메가3플러스,주식회사한미양행,2013-10-10,20040015083641,20040015083
발포차전자가르시니아,디에이치팜(주),2013-10-11,20040015102126,20040015102
생 유산균10,(주)유유헬스케어,2013-10-11,20040015107554,20040015107
스피센스,주식회사 네추럴웨이,2013-10-15,2004001510448,20040015104
진스트 고려인삼연질캡슐(GINST KOREAN GINSENG SOFT CAPSULE)(수출용제품명:진스트 15 고려인삼 연질캡슐GINST 15 KOREAN GINSENG SOFT CAPSULE),(주)일화,2013-10-22,20040015100123,20040015100
간박사,(주)유유헬스케어,2013-10-23,20040015107556,20040015107
키득키득,(주)유유헬스케어,2013-10-24,20040015107557,20040015107
체감환(Wei-Cut),(주)허브큐어,2013-10-25,2004001516293,20040015162
메가톤 2080 조인트,(주)유유헬스케어,2013-11-01,20040015107559,20040015107
메가톤키즈,(주)유유헬스케어,2013-11-01,20040015107558,20040015107
발효홍삼농축액2,(주)일화,2013-11-01,20040015100124,20040015100
브레인레시틴,(주)고센바이오텍,2013-11-01,2004001505574,20040015055
홍삼베리굿,(주)팜텍코리아,2013-11-11,2004001519134,20040015191
궁내삼홍삼정진,(주)팜텍코리아,2013-11-18,2004001519135,20040015191
메가톤 2080 비너스,(주)유유헬스케어,2013-11-18,20040015107562,20040015107
미라클MSM,주식회사한미양행,2013-11-18,20040015083648,20040015083
신시아미,(주)유유헬스케어,2013-11-18,20040015107561,20040015107
울트라멀티비타민미네랄,(주)유유헬스케어,2013-11-18,20040015107560,20040015107
옵티리버,주)팜크로스,2013-11-19,20040015110468,20040015110
헤모에프골드,주)팜크로스,2013-11-19,20040015110467,20040015110
궁내삼홍삼정순,(주)팜텍코리아,2013-11-22,2004001519137,20040015191
발효홍삼대보록,(주)일화,2013-11-22,20040015100125,20040015100
울릉트레이스미네랄,(주)팜텍코리아,2013-11-22,2004001519136,20040015191
헬스트리 디,(주)유유헬스케어,2013-11-22,20040015107564,20040015107
헬스트리 씨 오리지널,(주)유유헬스케어,2013-11-22,20040015107563,20040015107
헬스트리 에스 오리지널,(주)유유헬스케어,2013-11-22,20040015107565,20040015107
홍삼 주니어스틱,(주)일화,2013-11-22,20040015100127,20040015100
홍삼 킹스틱,(주)일화,2013-11-22,20040015100128,20040015100
홍삼 투어스틱,(주)일화,2013-11-22,20040015100126,20040015100
조인트윈 골드,주식회사 네추럴웨이,2013-11-27,2004001510450,20040015104
홍삼 퀸스틱,(주)일화,2013-12-02,20040015100129,20040015100
리버파워 플러스,(주)유유헬스케어,2013-12-11,20040015107567,20040015107
플라체 비엑스(PLACE BX),(주)허브큐어,2013-12-12,2004001516294,20040015162
미슬 코큐텐,(주)팜텍코리아,2013-12-13,2004001519138,20040015191
코리진-에스(전량수출용),고려인삼과학주식회사,2013-12-16,20040015039160,20040015039
김정문홍삼,(주)팜텍코리아,2013-12-18,2004001519140,20040015191
미슬토라이프,(주)팜텍코리아,2013-12-18,2004001519139,20040015191
헬씨아연효모정,(주)유유헬스케어,2013-12-24,20040015107569,20040015107
옥타스포타민,(주)유유헬스케어,2013-12-31,20040015107570,20040015107
밀크씨슬옥타플러스,주식회사한미양행,2014-01-06,20040015083651,20040015083
"뉴판티오연질캅셀(NEWPANTIO Softcapsule, 전량수출용)",고려인삼과학주식회사,2014-01-10,20040015039161,20040015039
솔빛C,주식회사한미양행,2014-01-13,20040015083653,20040015083
정상적인 면역기능에 필요한 프로그램,(주)유유헬스케어,2014-01-14,20040015107573,20040015107
어삼골드에프,(주)팜텍코리아,2014-01-20,2004001519141,20040015191
인제엠에스엠,주식회사한미양행,2014-01-20,20040015083656,20040015083
한미 헤파케어 밀크씨슬&홍경천,주식회사한미양행,2014-01-20,20040015083655,20040015083
지플렉스웨이 오리지날,(주)유유헬스케어,2014-01-24,20040015107574,20040015107
다이나미스 하이드로,(주)유유헬스케어,2014-01-27,20040015107575,20040015107
지플렉스 게이너 오리지날,(주)유유헬스케어,2014-02-07,20040015107576,20040015107
아이센루테인,주식회사한미양행,2014-02-14,20040015083657,20040015083
고려홍삼영지녹용연질캅셀(전량수출용),고려인삼과학주식회사,2014-02-18,20040015039162,20040015039
디투에스 디노보 에센티,(주)유유헬스케어,2014-02-18,20040015107577,20040015107
디투에스 디노보 코액티바,(주)유유헬스케어,2014-02-18,20040015107578,20040015107
그린키즈츄어블멀티비타민,주)팜크로스,2014-02-26,20040015110479,20040015110
청기환,경성제약주식회사,2014-03-04,2004001507352,20040015073
홍일정,경성제약주식회사,2014-03-04,2004001507351,20040015073
천태극삼액정,(주)일화,2014-03-07,20040015100132,20040015100
츄어블 비타민D3,(주)유유헬스케어,2014-03-07,20040015107580,20040015107
태극삼액정 프리미엄,(주)일화,2014-03-07,20040015100133,20040015100
티밸런스,(주)유유헬스케어,2014-03-07,20040015107582,20040015107
장박사다이어트,경성제약주식회사,2014-03-10,2004001507353,20040015073
피비일레븐,주)팜크로스,2014-03-11,20040015110483,20040015110
유판씨 3000,(주)유유헬스케어,2014-03-17,20040015107583,20040015107
프로바이오베베,(주)비피도,2014-03-19,20040015070176,20040015070
엽산600위드비타민D,주)팜크로스,2014-03-27,20040015110486,20040015110
명품진(珍)홍삼정,(주)하티,2014-03-28,201100150714,20110015071
프로바이오썬,(주)비피도,2014-03-31,20040015070178,20040015070
프락토골드,고려인삼과학주식회사,2014-04-03,20040015039163,20040015039
락토플러스생유산균키즈,주)팜크로스,2014-04-08,20040015110488,20040015110
프로바이오에프,(주)비피도,2014-04-08,20040015070181,20040015070
홍삼정프라임,(주)화인내츄럴,2014-04-10,20040015094107,20040015094
홍삼정프리미엄,(주)화인내츄럴,2014-04-10,20040015094106,20040015094
활력삼 프리미엄,(주)일화,2014-04-11,20040015100134,20040015100
굿모닝맥스파워,주)팜크로스,2014-04-17,20040015110489,20040015110
발효홍삼정플러스,(주)화인내츄럴,2014-04-18,20040015094108,20040015094
멀티비타민&미네랄,(주)유유헬스케어,2014-04-21,20040015107586,20040015107
미홍삼,(주)메디언스,2014-04-21,201200150798,20120015079
한미MSM365,주식회사한미양행,2014-04-21,20040015083665,20040015083
홈플러스 오메가3,(주)유유헬스케어,2014-04-21,20040015107585,20040015107
가이스머슬 게이너,(주)유유헬스케어,2014-04-25,20040015107589,20040015107
가이스머슬 웨이,(주)유유헬스케어,2014-04-25,20040015107588,20040015107
고려홍삼골드캅셀,(주)삼진GNF,2014-04-25,2006001510945,20060015109
고려홍삼골드캅셀(Korean Red Ginseng Gold Capsule),(주)삼진GNF,2014-04-25,2006001510944,20060015109
츄어블비타민C500 블루베리맛,(주)유유헬스케어,2014-04-25,20040015107587,20040015107
인성생유산균프리미엄,디에이치팜(주),2014-04-28,20040015102133,20040015102
ZIGUNUK APPLE POWDER(전량수출용),(주)비피도,2014-05-07,20040015070183,20040015070
ZIGUNUK BANANA POWDER(전량수출용),(주)비피도,2014-05-07,20040015070184,20040015070
츄어블비타민C500 오렌지맛,(주)유유헬스케어,2014-05-07,20040015107591,20040015107
하루씨 1000,(주)유유헬스케어,2014-05-07,20040015107590,20040015107
지에프프리미엄칼슘비타민,주)팜크로스,2014-05-09,20040015110493,20040015110
프리미엄스피루리나골드,주)팜크로스,2014-05-15,20040015110495,20040015110
스타모(STARMOR),주식회사한미양행,2014-05-16,20040015083670,20040015083
프리미엄비타민D1000,(주)유유헬스케어,2014-05-27,20040015107593,20040015107
번업12,주식회사한미양행,2014-05-30,20040015083672,20040015083
빼요미프로다이어트,주)팜크로스,2014-05-30,20040015110501,20040015110
크린365,(주)유유헬스케어,2014-05-30,20040015107594,20040015107
천비삼,(주)일화,2014-06-16,20040015100136,20040015100
천비삼 플러스,(주)일화,2014-06-16,20040015100135,20040015100
한국호혈보,주식회사한미양행,2014-06-18,20040015083674,20040015083
판타스틱 홍삼정 키즈,(주)일화,2014-06-20,20040015100137,20040015100
멀티맘뉴트리밸런스,(주)유유헬스케어,2014-06-27,20040015107595,20040015107
예비채 핑크 밸런스(YEVICHE PINK Balance),(주)일화,2014-07-02,20040015100139,20040015100
KERUIYA PROBIO BEBE PLUS(전량수출용),(주)비피도,2014-07-09,20040015070191,20040015070
구구팔팔다이어트,(주)백천바이오텍(biotech),2014-07-11,2004001507230,20040015072
뉴트리하이어 세라겐,(주)팜텍코리아,2014-07-11,2004001519143,20040015191
젬무브 생생 기억력 플러스,(주)고센바이오텍,2014-07-11,2004001505575,20040015055
한국건간보캡슐,(주)일화,2014-07-22,20040015100140,20040015100
코큐텐플러스,(주)유유헬스케어,2014-07-24,20040015107599,20040015107
프리미엄키즈츄어블멀티비타민앤미네랄,주)팜크로스,2014-07-24,20040015110514,20040015110
다이나미스 엑스로이,(주)유유헬스케어,2014-07-29,20040015107601,20040015107
얼라이브10프로바이오틱스300,(주)유유헬스케어,2014-07-29,20040015107600,20040015107
수익강고려태극삼캡슐,고려인삼과학주식회사,2014-08-01,20040015039164,20040015039
예비채 브라운진스트15(YEVICHE BROWN GINST15),(주)일화,2014-08-01,20040015100141,20040015100
황제홍삼농축액,(주)화인내츄럴,2014-08-01,20040015094110,20040015094
앵그리버드 비타C 딸기맛,(주)유유헬스케어,2014-08-14,20040015107602,20040015107
홍삼차골드(전량수출용),고려인삼과학주식회사,2014-08-18,20040015039165,20040015039
지플렉스웨이 쿠키앤크림맛 오리지날,(주)유유헬스케어,2014-08-19,20040015107603,20040015107
트리플프리미엄생유산균(수출명:Triple premium alive probiotics),주)팜크로스,2014-08-22,20040015110517,20040015110
프로폴리스 스프레이,(주)화진바이오코스메틱,2014-08-25,2004001508141,20040015081
인성 오메가3+멀티비타민&미네랄 멀티팩,디에이치팜(주),2014-08-26,20040015102135,20040015102
클린스펙,(주)유유헬스케어,2014-08-26,20040015107605,20040015107
진스트 15 고려인삼정 (GINST 15 KOREAN GINSENG TABLET),(주)일화,2014-08-28,20040015100142,20040015100
아이센루테인골드,주식회사한미양행,2014-09-03,20040015083688,20040015083
비타민C1000mg,(주)유유헬스케어,2014-09-18,20040015107608,20040015107
삼성 쏘팔메토골드,주식회사한미양행,2014-09-18,20040015083689,20040015083
굿라인-디,고려인삼과학주식회사,2014-09-24,20040015039166,20040015039
홍경천베가사랑,(주)팜텍코리아,2014-10-01,2004001519144,20040015191
생유산균7,디에이치팜(주),2014-10-02,20040015102140,20040015102
없었던일로,(주)허브큐어,2014-10-02,2004001516295,20040015162
순수한 비타민C분말 3000mg,디에이치팜(주),2014-10-16,20040015102142,20040015102
안국 키즈 징크시럽(AhnGook Kids Zinc Syrup)(전량수출용),(주)팜텍코리아,2014-10-16,2004001519145,20040015191
알로에 프리미엄,(주)화진바이오코스메틱,2014-10-16,2004001508142,20040015081
제로존 다이어트,(주)유유헬스케어,2014-10-22,20040015107610,20040015107
청정미인,(주)유유헬스케어,2014-10-23,20040015107611,20040015107
원기정 셀렌효모,(주)유유헬스케어,2014-10-30,20040015107612,20040015107
진스트 15 고려인삼 앰플플러스(GINST 15KOREAN GINSENG AMPLE +),(주)일화,2014-11-05,20040015100143,20040015100
메가톤 2080,(주)유유헬스케어,2014-11-10,20040015107613,20040015107
메가톤 조인트,(주)유유헬스케어,2014-11-10,20040015107614,20040015107
더팜 썬디드롭스 1000IU,(주)팜텍코리아,2014-11-11,2004001519146,20040015191
더팜 썬디드롭스 400IU,(주)팜텍코리아,2014-11-11,2004001519149,20040015191
썬디드롭스 600IU,(주)팜텍코리아,2014-11-11,2004001519147,20040015191
썬디드롭스200IU,(주)팜텍코리아,2014-11-11,2004001519148,20040015191
락토팜키즈생유산균,주)팜크로스,2014-11-21,20040015110525,20040015110
크롬-씬(Chrome-cin),(주)유유헬스케어,2014-11-25,20040015107616,20040015107
프리미엄큐 비타민무기질,디에이치팜(주),2014-11-25,20040015102146,20040015102
턴유슬림,(주)백천바이오텍(biotech),2014-11-26,2004001507231,20040015072
한미 관절파워,주식회사한미양행,2014-12-03,20040015083700,20040015083
스트롱 V,주식회사 네추럴웨이,2014-12-04,2004001510456,20040015104
불멸의유산균,주식회사 네추럴웨이,2014-12-10,2004001510457,20040015104
삼성MSM100,주식회사한미양행,2014-12-12,20040015083706,20040015083
트리플프리미엄생유산균캡슐,주)팜크로스,2014-12-12,20040015110527,20040015110
해피플러스센스,(주)백천바이오텍(biotech),2014-12-17,2004001507233,20040015072
해피플러스핏,(주)백천바이오텍(biotech),2014-12-17,2004001507232,20040015072
회화춘,(주)유유헬스케어,2014-12-17,20040015107617,20040015107
루테인플러스,주식회사한미양행,2014-12-23,20040015083708,20040015083
락스티널(Lacstinal)(전량수출용),(주)비피도,2014-12-24,20040015070210,20040015070
티이아이 에이알지 액상,(주)팜텍코리아,2014-12-24,2004001519150,20040015191
한국바이오탑(Hankook biotop)(전량수출용),(주)비피도,2014-12-24,20040015070209,20040015070
화진튼튼이 홍삼키즈,(주)화진바이오코스메틱,2014-12-24,2004001508143,20040015081
그린맘 락토화이바,(주)유유헬스케어,2014-12-26,20040015107619,20040015107
프로바이오틱스 생(生)유산균 세븐원,(주)비피도,2014-12-26,20040015070212,20040015070
막스마인(MagsMine),(주)팜텍코리아,2015-01-02,2004001519151,20040015191
제중원 남기새,(주)팜텍코리아,2015-01-12,2004001519152,20040015191
얼라이브17프로바이오틱스300,(주)유유헬스케어,2015-01-15,20040015107620,20040015107
칼슘골드D플러스,주식회사한미양행,2015-01-15,20040015083710,20040015083
관절애 오리지널,(주)유유헬스케어,2015-01-27,20040015107621,20040015107
트리플비프로폴리스캡슐,주)팜크로스,2015-01-28,20040015110528,20040015110
헬스트리 엠 오리지널,(주)유유헬스케어,2015-01-29,20040015107622,20040015107
프로바이오틱스 장용캡슐,(주)유유헬스케어,2015-02-04,20040015107623,20040015107
모닝07,주식회사한미양행,2015-02-09,20040015083716,20040015083
오프10,주식회사한미양행,2015-02-09,20040015083717,20040015083
다온올뷰티,(주)팜텍코리아,2015-02-11,2004001519155,20040015191
다온올파워,(주)팜텍코리아,2015-02-11,2004001519156,20040015191
닥터썬디드롭스 1000IU,(주)팜텍코리아,2015-02-11,2004001519154,20040015191
닥터썬디드롭스 400IU,(주)팜텍코리아,2015-02-11,2004001519153,20040015191
마법의 키토산 다이어트,주식회사한미양행,2015-02-11,20040015083718,20040015083
비앤씨에이,(주)유유헬스케어,2015-02-11,20040015107624,20040015107
헤모철플러스엽산,주식회사한미양행,2015-02-11,20040015083719,20040015083
333 프로그램 홍삼정차,주식회사 네추럴웨이,2015-03-09,2004001510459,20040015104
진세노사이드23,(주)팜텍코리아,2015-03-12,2004001519157,20040015191
그리니티,주)팜크로스,2015-03-20,20040015110533,20040015110
밸런스업,주식회사한미양행,2015-03-23,20040015083724,20040015083
라피스이엠-Ca골드,(주)유유헬스케어,2015-03-25,20040015107625,20040015107
곡물보감S,(주)허브큐어,2015-03-27,2004001516297,20040015162
기억력개선에 도움을 줄 수 있는 브레인 액티브,(주)유유헬스케어,2015-03-30,20040015107626,20040015107
청(淸)모나콜린K,(주)허브큐어,2015-04-01,2004001516299,20040015162
엑티브아연,(주)백천바이오텍(biotech),2015-04-02,2004001507234,20040015072
면역엔&닥터웰뮨 프리미엄,주)팜크로스,2015-04-10,20040015110537,20040015110
한국호혈보감비정,주식회사한미양행,2015-04-10,20040015083728,20040015083
베지 오메가-3,(주)화진바이오코스메틱,2015-04-13,2004001508144,20040015081
고려홍삼농축액플러스,(주)화인내츄럴,2015-04-14,20040015094115,20040015094
하이락토키즈츄어블정,주)팜크로스,2015-04-15,20040015110539,20040015110
효엔플러스 활,주)팜크로스,2015-04-15,20040015110538,20040015110
하이키즈츄어블,(주)메디언스,2015-04-16,2012001507915,20120015079
관절 9988 MSM 골드,(주)유유헬스케어,2015-04-20,20040015107627,20040015107
HOVENIA PLUS(전량수출용),고려인삼과학주식회사,2015-04-24,20040015039167,20040015039
보령궁수호프리미엄,(주)팜텍코리아,2015-04-24,2004001519158,20040015191
웰빙낫도(전량수출용),주식회사한미양행,2015-04-24,20040015083730,20040015083
Chu collagen(전량수출용),(주)유유헬스케어,2015-04-29,20040015107628,20040015107
트리플프리미엄로얄프로폴리스,주)팜크로스,2015-04-29,20040015110540,20040015110
고려인삼차,(주)화인내츄럴,2015-05-01,20040015094118,20040015094
고려태극홍삼분말,(주)화인내츄럴,2015-05-01,20040015094117,20040015094
홍삼농축액골드,(주)화인내츄럴,2015-05-01,20040015094116,20040015094
홍삼성분정환골드,(주)화인내츄럴,2015-05-01,20040015094120,20040015094
홍삼차,(주)화인내츄럴,2015-05-01,20040015094119,20040015094
통(通)관절마디케어 (EasiMoveJointCare),(주)하티,2015-05-07,201100150716,20110015071
홍삼아이튼튼 프리미엄,(주)일화,2015-05-12,20040015100144,20040015100
유유칼슘,(주)유유헬스케어,2015-05-13,20040015107630,20040015107
닥터진 프로바이오틱스 오리지날,(주)유유헬스케어,2015-05-15,20040015107631,20040015107
베이비앤키즈락토프리미엄,주)팜크로스,2015-05-15,20040015110546,20040015110
아반바슈퍼다이어트리셋,주)팜크로스,2015-05-15,20040015110544,20040015110
아침애(愛),주식회사 굿씨드,2015-05-15,2008001505831,20080015058
스마트본,(주)메디언스,2015-05-27,2012001507919,20120015079
스마트스킨,(주)메디언스,2015-05-27,2012001507917,20120015079
스마트에너지,(주)메디언스,2015-05-27,2012001507916,20120015079
헬스트리 포맨,(주)유유헬스케어,2015-05-27,20040015107636,20040015107
닥터스뷰 홍당퐁당,(주)메디언스,2015-05-28,2012001507920,20120015079
아반바슈퍼로얄레드칸,주)팜크로스,2015-05-28,20040015081547,20040015110
헤파케어,주)팜크로스,2015-05-28,20040015081548,20040015110
홍삼농축액분말,(주)일화,2015-06-04,20040015100145,20040015100
닥터나토키나제,주)팜크로스,2015-06-05,20040015110549,20040015110
그린스토어 그린맘뉴트리밸런스,(주)유유헬스케어,2015-06-08,20040015107632,20040015107
닥터진 화이바,(주)유유헬스케어,2015-06-09,20040015107634,20040015107
웰키커(well-kicker) 멀티비타민앤미네랄,디에이치팜(주),2015-06-10,20040015102156,20040015102
헤프로엠,(주)유유헬스케어,2015-06-10,20040015107637,20040015107
한빛인제칼슘프리미엄비타민미네랄,주식회사한미양행,2015-06-18,20040015083735,20040015083
비센장사랑다이어트,(주)유유헬스케어,2015-06-22,20040015107639,20040015107
티이아이-프로바이오틱스,주)팜크로스,2015-06-22,20040015110550,20040015110
고려홍삼골드캅셀프리미엄,(주)유유헬스케어,2015-06-30,20040015107640,20040015107
블로썸365,주식회사한미양행,2015-07-02,20040015083736,20040015083
제너럴밸런스 프로바이오틱스,(주)유유헬스케어,2015-07-08,20040015107641,20040015107
비오에이드,(주)팜텍코리아,2015-07-10,2004001519159,20040015191
한국호간호신보,주식회사한미양행,2015-07-14,20040015083742,20040015083
홍삼톤,(주)한국인삼공사,2015-07-16,201500021521,20150002152
스마트슬림,(주)메디언스,2015-07-22,2012001507921,20120015079
빼요팻다이어트,주)팜크로스,2015-07-23,20040015110555,20040015110
고려홍삼골드캅셀(전량수출용),(주)유유헬스케어,2015-07-27,20040015107643,20040015107
뉴OPC하이빈큐(NEW OPC HIGHBIN-Q)(전량수출용),주식회사한미양행,2015-07-27,20040015083745,20040015083
삼원홍삼차(전량수출용),고려인삼과학주식회사,2015-07-28,20040015039168,20040015039
유유원삼(元蔘)액,(주)팜텍코리아,2015-07-29,2004001519160,20040015191
닥터엽산600&비타민D600IU,주)팜크로스,2015-07-30,20040015110556,20040015110
리웰업골드,주)팜크로스,2015-07-30,20040015110557,20040015110
나온데이,(주)허브큐어,2015-08-04,20040015162100,20040015162
해피슬,주식회사한미양행,2015-08-07,20040015083749,20040015083
홍삼정 블랙라벨,(주)일화,2015-08-10,20040015100146,20040015100
그린패밀리츄어블멀티비타민&미네랄,주)팜크로스,2015-08-17,20040015110558,20040015110
닥터에디션 아이비에스,(주)비피도,2015-08-21,20040015070224,20040015070
옵티몬,주)팜크로스,2015-08-21,20040015110559,20040015110
예비채 진스트15 홍삼정,(주)일화,2015-08-25,20040015100147,20040015100
홍삼정차,(주)일화,2015-08-25,20040015100148,20040015100
옵티키즈,주)팜크로스,2015-08-26,20040015110562,20040015110
폴리코사놀S프리미엄,주식회사한미양행,2015-08-26,20040015083754,20040015083
태극삼액정,(주)일화,2015-08-27,20040015100149,20040015100
와일드망고다이어트,주식회사한미양행,2015-08-31,20040015083756,20040015083
홍삼오메가3플러스+,(주)일화,2015-09-01,20040015100150,20040015100
활력삼,(주)일화,2015-09-01,20040015100151,20040015100
루테인9플러스,(주)일화,2015-09-03,20040015100152,20040015100
에이지티에브리원,주식회사한미양행,2015-09-07,20040015083759,20040015083
파미스마그네슘100,주)팜크로스,2015-09-07,20040015110564,20040015110
닥터스피루리나골드,주)팜크로스,2015-09-09,20040015110566,20040015110
"韓國護肝護身寶(한국호간호신보, 전량수출용)",주식회사한미양행,2015-09-14,20040015083761,20040015083
그린키즈츄어블아연딸기맛,주)팜크로스,2015-09-16,20040015110567,20040015110
고려홍삼농축액 플러스+,(주)일화,2015-09-18,20040015100154,20040015100
홍삼정화액,(주)일화,2015-09-22,20040015100155,20040015100
아이누리 비타D 400IU,(주)팜텍코리아,2015-09-23,2004001519161,20040015191
트리플 2-에스에이치,주식회사한미양행,2015-09-23,20040015083764,20040015083
비타헬스프리미엄,(주)일화,2015-09-24,20040015100156,20040015100
어삼진액프리미엄,(주)팜텍코리아,2015-09-24,2004001519162,20040015191
홍삼정,(주)한국인삼공사,2015-10-02,201500021522,20150002152
삼삼120,경성제약주식회사,2015-10-08,2004001507358,20040015073
퍼스트빈 테이크아웃 커피맛,주식회사한미양행,2015-10-08,20040015083767,20040015083
황제면역단 프리미엄,경성제약주식회사,2015-10-08,2004001507357,20040015073
글루코사민 플러스 오메가3,(주)화진바이오코스메틱,2015-10-15,2004001508146,20040015081
본가(Bournga)(전량수출용),고려인삼과학주식회사,2015-10-15,20040015039170,20040015039
지근억비피더스프로G,(주)비피도,2015-10-15,20040015070229,20040015070
히어로키드B1(HERO KID)(전량수출용),고려인삼과학주식회사,2015-10-15,20040015039169,20040015039
홍삼액 진(眞),(주)팜텍코리아,2015-10-19,2004001519163,20040015191
닥터스뷰 칼슘 플러스,(주)메디언스,2015-10-27,2012001507923,20120015079
닥터스뷰 하모니 포우먼,(주)메디언스,2015-10-27,2012001507922,20120015079
티이아이-프로바이오틱스(분말),주)팜크로스,2015-10-27,20040015110570,20040015110
닥터스뷰 콜레스마늘 골드,(주)메디언스,2015-11-03,2012001507924,20120015079
조삼원 고려홍삼농축액 프리미엄,농업회사법인지에이치내츄럴,2015-11-05,201500022172,20150002217
조삼원 고려홍삼정골드,농업회사법인지에이치내츄럴,2015-11-05,201500022171,20150002217
프라임멀티비타민앤미네랄,주)팜크로스,2015-11-06,20040015110571,20040015110
에브리데이멀티비타민미네랄포우먼,주식회사한미양행,2015-11-10,20040015083771,20040015083
온가족츄어블멀티비타민&미네랄,주)팜크로스,2015-11-10,20040015110574,20040015110
온가족츄어블유산균,주)팜크로스,2015-11-10,20040015110572,20040015110
닥터365,농업회사법인지에이치내츄럴,2015-11-11,201500022173,20150002217
미애향연 비움,경성제약주식회사,2015-11-12,2004001507359,20040015073
에브리데이칼슘마그네슘비타민D,주식회사한미양행,2015-11-17,20040015083772,20040015083
"히어로키드(HERO KID,)(전량수출용)",고려인삼과학주식회사,2015-11-17,20040015039171,20040015039
모세 리얼 씨엠오,주식회사한미양행,2015-11-20,20040015083774,20040015083
에브리데이멀티비타민미네랄포맨,주식회사한미양행,2015-11-20,20040015083775,20040015083
고려홍삼차,(주)화인내츄럴,2015-11-23,20040015094121,20040015094
톡톡큐골드,(주)유유헬스케어,2015-11-24,20040015107647,20040015107
눈촉촉 오메가3 오리지널,(주)유유헬스케어,2015-11-25,20040015107648,20040015107
에이지티딥블랙,주식회사한미양행,2015-11-25,20040015083776,20040015083
슬림24,주식회사한미양행,2015-11-26,20040015083777,20040015083
아베울트라 플러스,(주)유유헬스케어,2015-11-26,20040015107649,20040015107
아베울트라,(주)유유헬스케어,2015-12-01,20040015107650,20040015107
안국 징크시럽 포 키즈 (AhnGook Zinc Syrup for KIDS)(전량수출용),(주)팜텍코리아,2015-12-07,2004001519164,20040015191
Dr.G Synbiotics (전량수출용),(주)비피도,2015-12-11,20040015070231,20040015070
한미글루코사민100골드,주식회사한미양행,2015-12-11,20040015083779,20040015083
효사랑MSM,(주)유유헬스케어,2015-12-11,20040015107651,20040015107
면역 홍삼정,(주)팜텍코리아,2015-12-18,2004001519165,20040015191
비타민C1000 오리지날,(주)유유헬스케어,2015-12-18,20040015107652,20040015107
활력삼분말,(주)일화,2015-12-18,20040015100157,20040015100
디엑스 화이버,(주)유유헬스케어,2015-12-23,20040015107653,20040015107
명품쾌변큐플러스,(주)허브큐어,2015-12-23,20040015162101,20040015162
스마트우먼,(주)메디언스,2015-12-29,2012001507925,20120015079
프리미엄 밀크씨슬 플러스,(주)유유헬스케어,2015-12-29,20040015107654,20040015107
내몸트리엠,주식회사한미양행,2015-12-30,20040015083781,20040015083
신데렐라 아큐비타민C,(주)유유헬스케어,2015-12-30,20040015107655,20040015107
프리미엄징코플러스오리지날,(주)유유헬스케어,2016-01-06,20040015107656,20040015107
홍삼농축액분말1,(주)일화,2016-01-21,20040015100158,20040015100
스마트맨,(주)메디언스,2016-01-25,2012001507926,20120015079
이뮨알파 플러스,주식회사한미양행,2016-01-28,20040015083784,20040015083
순홍삼정로얄,(주)화인내츄럴,2016-02-03,20040015094124,20040015094
뉴파워레시틴 플러스,(주)고센바이오텍,2016-02-04,2004001505578,20040015055
플러스혈기힘RG,(주)메디언스,2016-02-05,2012001507927,20120015079
발효홍삼 스마트 플러스,(주)팜텍코리아,2016-02-11,2004001519166,20040015191
홍삼진본,(주)한국인삼공사,2016-02-11,201500021527,20150002152
홍삼천국,(주)한국인삼공사,2016-02-11,201500021524,20150002152
홍삼톤골드,(주)한국인삼공사,2016-02-11,201500021525,20150002152
홍삼활력플러스업,(주)한국인삼공사,2016-02-11,201500021526,20150002152
화애락진,(주)한국인삼공사,2016-02-11,201500021523,20150002152
홍천웅 건,(주)한국인삼공사,2016-02-15,201500021529,20150002152
화애락온(溫)미,(주)한국인삼공사,2016-02-15,201500021528,20150002152
홍삼타브렛골드,(주)화인내츄럴,2016-02-16,20040015094125,20040015094
장편한가족 프로바이오틱스 츄어블,(주)유유헬스케어,2016-02-24,20040015107657,20040015107
홍삼대보프리미엄,(주)한국인삼공사,2016-02-25,2015000215211,20150002152
홍삼톤골드로얄,(주)한국인삼공사,2016-02-25,2015000215210,20150002152
홍삼보운,(주)한국인삼공사,2016-03-02,2015000215212,20150002152
홍삼진황,(주)한국인삼공사,2016-03-02,2015000215214,20150002152
홍삼톤리미티드,(주)한국인삼공사,2016-03-02,2015000215213,20150002152
티에스골드 프리미엄,(주)유유헬스케어,2016-03-03,20040015107659,20040015107
에임헬스난황레시틴,(주)고센바이오텍,2016-03-04,2004001505579,20040015055
고려홍삼차(Korea Redginseng Tea),(주)허브큐어,2016-03-08,20040015162102,20040015162
스피그린 스피루리나,주)팜크로스,2016-03-08,20040015110579,20040015110
한국골드익간보(전량수출용),고려인삼과학주식회사,2016-03-08,20040015039172,20040015039
본채우는 비타민D+,(주)유유헬스케어,2016-03-14,20040015107660,20040015107
홍이장군 로얄3단계,(주)한국인삼공사,2016-03-14,2015000215215,20150002152
징코맥스골드,주)팜크로스,2016-03-15,20040015110580,20040015110
홍삼톤로얄,(주)한국인삼공사,2016-03-15,2015000215216,20150002152
